term_id,topic_code,en_canonical,en_aliases,abbreviations,jp_headword,jp_reading,jp_definition,key_points,pitfall,formula,notes
TERM0001,ETH,Code of Ethics,CFA Code of Ethics,,倫理規範,りんりきはん,CFA協会が定める投資専門家の行動指針。誠実性・能力・勤勉さ・敬意をもって行動し、顧客利益を自己利益より優先することを求める。,6つの構成要素を暗記。顧客利益＞雇用者利益＞自己利益の優先順位。,Code of EthicsとStandards of Professional Conductの違いを混同しやすい。Codeは理念、Standardsは具体的行動規範。,,
TERM0002,ETH,Standards of Professional Conduct,Professional Standards;SPC,,職業行為基準,しょくぎょうこういきじゅん,CFA協会が定める7つの行動基準。専門職としての行動・資本市場の健全性・顧客への義務・雇用者への義務・投資分析・利益相反・CFA会員としての責任を規定。,7つのStandardとそのサブセクションを理解。違反事例の判断が頻出。,Standards違反の判断で「最も厳格な法律に従う」原則を忘れやすい。,,
TERM0003,ETH,Material Nonpublic Information,MNPI;Inside Information,MNPI,重要な未公開情報,じゅうようなみこうかいじょうほう,証券価格に重大な影響を与える可能性があり、まだ一般に公開されていない情報。この情報に基づく取引はインサイダー取引として禁止される。,MNPIに基づく取引・推奨は禁止。Mosaic Theoryとの区別が重要。,Material（重要）とNonpublic（未公開）の両方を満たす必要がある。公開情報や非重要情報は対象外。,,
TERM0004,ETH,Mosaic Theory,,,モザイク理論,もざいくりろん,公開情報と非重要な未公開情報を組み合わせて投資結論を導く分析手法。MNPIを使用しない限り、この手法による取引は許容される。,公開情報＋非重要未公開情報の組み合わせは合法。MNPIとの境界線を理解。,Mosaic TheoryはMNPIの使用を正当化するものではない。非重要情報のみ使用可能。,,
TERM0005,ETH,Fiduciary Duty,Fiduciary Responsibility,,受託者責任,じゅたくしゃせきにん,顧客の最善の利益のために行動する法的・倫理的義務。忠実義務（Loyalty）と注意義務（Care）を含む。,顧客利益を最優先。Prudent Investor Ruleに従う。利益相反の開示義務。,Fiduciary DutyとSuitability（適合性）の違い。受託者は常に顧客最善利益、適合性は投資の適切さ。,,
TERM0006,ETH,Global Investment Performance Standards,GIPS Standards,GIPS,グローバル投資パフォーマンス基準,ぐろーばるとうしぱふぉーまんすきじゅん,投資運用会社のパフォーマンス報告の公正性と比較可能性を確保するための世界標準。コンポジット構築・計算方法・開示要件を規定。,GIPS準拠は任意だが準拠表明には完全遵守が必要。コンポジット要件を理解。,GIPS準拠は「会社全体」に適用。一部ファンドのみの準拠表明は不可。,,
TERM0007,ETH,Soft Dollar,Soft Commission,,ソフトダラー,そふとだらー,証券取引の執行手数料の一部を、リサーチやサービスの対価として使用する慣行。顧客への開示と顧客利益への使用が求められる。,顧客利益に資するリサーチ等への使用は許容。開示義務あり。,Soft Dollarを個人的利益（オフィス家具等）に使用することは違反。,,
TERM0008,ETH,Fair Dealing,,,公正な取扱い,こうせいなとりあつかい,すべての顧客に対して公平かつ客観的に投資推奨・情報提供を行う義務。同時配信の原則を含む。,投資推奨の同時配信。大口顧客への優先提供は違反。,Fair Dealing（公正）とEqual Treatment（平等）の違い。サービス水準は手数料に応じて異なりうる。,,
TERM0009,ETH,Suitability,Investment Suitability,,適合性,てきごうせい,投資推奨が顧客の投資目的・リスク許容度・財務状況・制約条件に適合していることを確認する義務。,IPS（投資方針書）に基づく判断。ポートフォリオ全体の文脈で評価。,個別銘柄の適合性ではなく、ポートフォリオ全体での適合性を判断する。,,
TERM0010,ETH,Investment Policy Statement,IPS,IPS,投資方針書,とうしほうしんしょ,顧客の投資目的・リスク許容度・時間軸・流動性ニーズ・法的制約等を文書化したもの。投資意思決定の基盤となる。,Return objectives・Risk tolerance・Constraintsの3要素。定期的な見直し。,IPSは「目標」と「制約」の両方を含む。制約条件（TTLLU）を忘れやすい。,,
TERM0011,QM,Time Value of Money,TVM,TVM,貨幣の時間価値,かへいのじかんかち,現在の1円は将来の1円より価値が高いという概念。金利・インフレ・リスクにより、同額の貨幣でも時点により価値が異なる。,PV・FV・PMT・N・I/Yの5変数。複利計算の基礎。,単利と複利の混同。Annuity DueとOrdinary Annuityの計算タイミングの違い。,FV = PV × (1 + r)^n,
TERM0012,QM,Present Value,Discounted Value,PV,現在価値,げんざいかち,将来のキャッシュフローを適切な割引率で割り引いた現時点での価値。投資評価・債券価格計算の基礎。,割引率の選択が重要。リスクが高いほど割引率は高い。,PVとFVの計算で期間（n）と利率（r）の整合性を確認。年率と期間の単位を揃える。,PV = FV / (1 + r)^n,
TERM0013,QM,Future Value,,FV,将来価値,しょうらいかち,現在の金額が一定期間後に成長した価値。複利効果により、期間が長いほど成長が加速する。,複利の効果。連続複利との違い。,名目金利と実効金利の違い。複利頻度が異なると実効金利が変わる。,FV = PV × (1 + r)^n,
TERM0014,QM,Discount Rate,Required Rate of Return,,割引率,わりびきりつ,将来キャッシュフローを現在価値に換算する際に使用する利率。機会費用・リスクプレミアム・インフレ期待を反映。,リスクフリーレート＋リスクプレミアム。WACCとの関係。,Discount RateとRequired Returnの使い分け。評価目的により適切な率を選択。,,
TERM0015,QM,Net Present Value,NPV,NPV,正味現在価値,しょうみげんざいかち,投資プロジェクトの全キャッシュフローの現在価値合計から初期投資額を差し引いた値。正のNPVは価値創造を意味する。,NPV > 0 なら投資採用。IRRとの比較。相互排他的プロジェクトの評価。,NPVとIRRが矛盾する場合はNPVを優先。再投資率の仮定が異なる。,NPV = Σ[CFt / (1+r)^t] - Initial Investment,
TERM0016,QM,Internal Rate of Return,,IRR,内部収益率,ないぶしゅうえきりつ,NPVをゼロにする割引率。プロジェクトの期待収益率を示し、ハードルレートとの比較で投資判断を行う。,IRR > ハードルレートなら投資採用。複数IRR問題に注意。,IRRは再投資率をIRR自身と仮定。NPVとの矛盾時はNPV優先。,NPV = 0 となる r を求める,
TERM0017,QM,Effective Annual Rate,Effective Annual Yield,EAR;EAY,実効年利率,じっこうねんりりつ,複利頻度を考慮した年間の実質的な利率。名目金利と複利頻度から計算され、異なる金融商品の比較に使用。,複利頻度が高いほどEARは高くなる。連続複利の極限。,Stated Rate（名目金利）とEARの混同。比較には必ずEARを使用。,EAR = (1 + r/m)^m - 1,
TERM0018,QM,Annuity,,,年金,ねんきん,一定期間にわたり定額のキャッシュフローが発生する金融商品または支払いパターン。普通年金と期首年金がある。,Ordinary Annuity（期末払い）とAnnuity Due（期首払い）の区別。,Annuity DueのPV/FVはOrdinary Annuityの(1+r)倍。計算時の設定確認。,,
TERM0019,QM,Perpetuity,Perpetual Annuity,,永久年金,えいきゅうねんきん,無期限に一定額のキャッシュフローが続く金融商品。優先株の評価や成長永久年金モデルで使用。,PV = PMT / r。成長永久年金はPV = PMT / (r - g)。,成長率gが割引率rを超えるとモデルは適用不可。g < r の条件確認。,PV = PMT / r,
TERM0020,QM,Standard Deviation,Volatility,SD;σ,標準偏差,ひょうじゅんへんさ,データの散らばり具合を示す統計量。投資においてはリスク（ボラティリティ）の指標として使用される。,分散の平方根。正規分布での確率解釈（68-95-99.7ルール）。,母集団と標本の標準偏差の計算式の違い（n vs n-1）。,σ = √[Σ(xi - μ)² / n],
TERM0021,QM,Variance,,σ²,分散,ぶんさん,データの散らばりを二乗平均で測定した統計量。標準偏差の二乗であり、ポートフォリオリスク計算の基礎。,共分散・相関係数との関係。ポートフォリオ分散の計算。,分散は単位が二乗になるため、解釈には標準偏差を使用。,σ² = Σ(xi - μ)² / n,
TERM0022,QM,Covariance,,Cov,共分散,きょうぶんさん,2つの変数が同時にどの程度変動するかを測定する統計量。正の共分散は同方向、負は逆方向の動きを示す。,ポートフォリオ分散計算の重要要素。相関係数との関係。,共分散の大きさは単位に依存。比較には相関係数を使用。,Cov(X;Y) = Σ[(xi - μx)(yi - μy)] / n,
TERM0023,QM,Correlation Coefficient,,ρ;r,相関係数,そうかんけいすう,-1から+1の範囲で2変数間の線形関係の強さと方向を示す。+1は完全正相関、-1は完全負相関、0は無相関。,分散投資効果は相関が低いほど大きい。相関と因果の違い。,相関は因果関係を意味しない。また、非線形関係は検出できない。,ρ = Cov(X;Y) / (σx*σy),
TERM0024,QM,Normal Distribution,Gaussian Distribution,,正規分布,せいきぶんぷ,平均を中心に左右対称の釣鐘型の確率分布。多くの金融データの近似モデルとして使用される。,平均・標準偏差で完全に特定。68-95-99.7ルール。,実際の金融リターンは正規分布より裾が厚い（Fat Tails）。極端な事象を過小評価。,,
TERM0025,QM,Confidence Interval,,CI,信頼区間,しんらいくかん,母集団パラメータが一定の確率で含まれると推定される区間。95%信頼区間は平均±1.96標準誤差。,信頼水準と区間幅のトレードオフ。標本サイズの影響。,信頼区間は「母集団パラメータがこの区間にある確率」ではない。解釈に注意。,,
TERM0026,QM,Hypothesis Testing,Statistical Testing,,仮説検定,かせつけんてい,標本データに基づいて母集団に関する仮説の妥当性を統計的に判断する手法。帰無仮説と対立仮説を設定。,Type I Error（α）とType II Error（β）。p値の解釈。,帰無仮説を「棄却できない」ことは「正しい」ことを意味しない。,,
TERM0027,QM,Type I Error,False Positive,,第一種の過誤,だいいっしゅのかご,帰無仮説が真であるにもかかわらず、誤って棄却してしまう誤り。有意水準αで発生確率を制御。,有意水準αと同じ。検定力との関係。,Type I Error（偽陽性）とType II Error（偽陰性）の混同。,,
TERM0028,QM,Type II Error,False Negative,,第二種の過誤,だいにしゅのかご,帰無仮説が偽であるにもかかわらず、棄却できない誤り。検定力（1-β）で評価。,標本サイズを増やすとβは減少。αとのトレードオフ。,Type II Errorを減らすにはαを上げるか標本サイズを増やす。,,
TERM0029,QM,p-value,Probability Value,,p値,ぴーち,帰無仮説が真である場合に、観測されたデータ以上に極端な結果が得られる確率。小さいほど帰無仮説に反する証拠が強い。,p値 < αなら帰無仮説を棄却。統計的有意性の指標。,p値は効果の大きさや実務的重要性を示さない。統計的有意≠実務的重要。,,
TERM0030,QM,Sampling Distribution,,,標本分布,ひょうほんぶんぷ,標本統計量（平均など）の確率分布。中心極限定理により、標本サイズが大きいと正規分布に近づく。,標準誤差 = σ/√n。中心極限定理の適用条件。,標本分布と母集団分布の混同。標本分布は統計量の分布。,,
TERM0031,ECON,Demand,Market Demand,,需要,じゅよう,ある価格水準で消費者が購入しようとする財・サービスの量。価格と需要量は逆相関（需要の法則）。,需要曲線のシフト要因（所得・嗜好・代替財価格等）と移動の区別。,需要曲線の「シフト」と曲線上の「移動」の混同。価格変化は移動、他要因はシフト。,,
TERM0032,ECON,Supply,Market Supply,,供給,きょうきゅう,ある価格水準で生産者が販売しようとする財・サービスの量。価格と供給量は正相関（供給の法則）。,供給曲線のシフト要因（生産コスト・技術・期待等）。均衡価格の決定。,供給曲線のシフト要因と需要曲線のシフト要因の混同。,,
TERM0033,ECON,Elasticity,Price Elasticity,,弾力性,だんりょくせい,価格変化に対する需要量または供給量の反応度を測定する指標。弾力的（>1）・非弾力的（<1）・単位弾力的（=1）。,価格弾力性・所得弾力性・交差弾力性の区別。税負担の帰着。,弾力性は絶対値で評価。需要の価格弾力性は通常負だが絶対値で議論。,Ed = %ΔQd / %ΔP,
TERM0034,ECON,Consumer Surplus,,,消費者余剰,しょうひしゃよじょう,消費者が支払ってもよいと考える最高価格と実際の市場価格との差額の合計。需要曲線と価格線の間の面積。,市場効率性の指標。価格規制・税の影響分析。,消費者余剰と生産者余剰の混同。需要曲線の上側が消費者余剰。,,
TERM0035,ECON,Producer Surplus,,,生産者余剰,せいさんしゃよじょう,市場価格と生産者が受け入れる最低価格との差額の合計。供給曲線と価格線の間の面積。,総余剰（社会的厚生）= 消費者余剰 + 生産者余剰。死荷重の概念。,生産者余剰と利益の混同。余剰は機会費用を超える部分。,,
TERM0036,ECON,Deadweight Loss,Welfare Loss,,死荷重,しかじゅう,市場の非効率性により失われる総余剰。税・価格規制・独占などにより発生する社会的損失。,税の死荷重は弾力性に依存。独占の非効率性。,死荷重は政府収入や企業利益に移転されない「純損失」。,,
TERM0037,ECON,Gross Domestic Product,,GDP,国内総生産,こくないそうせいさん,一定期間に国内で生産されたすべての最終財・サービスの市場価値の合計。経済規模と成長の主要指標。,支出アプローチ: GDP = C + I + G + (X - M)。名目GDPと実質GDPの区別。,GDPとGNP（国民総生産）の違い。GDPは国内、GNPは国民ベース。,GDP = C + I + G + (X - M),
TERM0038,ECON,Inflation,,,インフレーション,いんふれーしょん,一般物価水準の持続的な上昇。購買力の低下をもたらし、金融政策の主要な目標の一つ。,CPI・PPI・GDPデフレーター。コストプッシュとデマンドプル。,インフレ率とインフレの混同。率は変化率、インフレは水準上昇。,,
TERM0039,ECON,Consumer Price Index,,CPI,消費者物価指数,しょうひしゃぶっかしすう,代表的な消費財・サービスのバスケットの価格変動を測定する指数。インフレの主要指標。,基準年との比較。CPIの上方バイアス（代替・品質・新製品）。,CPIは生活費の完全な指標ではない。代替効果を反映しにくい。,,
TERM0040,ECON,Monetary Policy,,,金融政策,きんゆうせいさく,中央銀行が金利・マネーサプライを調整して経済目標（物価安定・雇用・成長）を達成する政策。,政策金利・公開市場操作・準備率。拡張的と緊縮的政策。,金融政策と財政政策の混同。金融は中央銀行、財政は政府。,,
TERM0041,ECON,Fiscal Policy,,,財政政策,ざいせいせいさく,政府が歳出・税制を通じて経済に影響を与える政策。景気刺激や安定化を目的とする。,自動安定化装置と裁量的政策。乗数効果。クラウディングアウト。,財政政策の効果は金融政策との組み合わせで変化。IS-LMモデル。,,
TERM0042,ECON,Interest Rate,,,金利,きんり,資金の貸借に対する対価。名目金利は実質金利とインフレ期待の合計（フィッシャー方程式）。,名目金利と実質金利の区別。金利の期間構造。,名目金利と実質金利の混同。実質金利 = 名目金利 - インフレ率。,名目金利 ≈ 実質金利 + 期待インフレ率,
TERM0043,ECON,Exchange Rate,Foreign Exchange Rate,FX,為替レート,かわせれーと,2つの通貨間の交換比率。直接表示と間接表示がある。貿易・投資・金融政策に影響。,直物レートと先物レート。購買力平価と金利平価。,直接表示（自国通貨/外国通貨）と間接表示の混同。上昇の意味が逆。,,
TERM0044,ECON,Purchasing Power Parity,,PPP,購買力平価,こうばいりょくへいか,同一財は為替調整後に各国で同一価格になるという理論。長期的な為替レートの決定要因。,絶対的PPPと相対的PPP。実際の為替レートとの乖離。,PPPは短期では成立しにくい。取引コスト・非貿易財の存在。,,
TERM0045,ECON,Business Cycle,Economic Cycle,,景気循環,けいきじゅんかん,経済活動の拡大と収縮の周期的な変動。拡張・ピーク・収縮・トラフの4局面。,先行指標・一致指標・遅行指標。各局面での資産パフォーマンス。,景気循環の各局面で最適な資産配分が異なる。セクターローテーション。,,
TERM0046,ECON,Aggregate Demand,,AD,総需要,そうじゅよう,経済全体で需要される財・サービスの総量。消費・投資・政府支出・純輸出の合計。,AD曲線のシフト要因。AS曲線との均衡。,ADの構成要素とGDPの支出アプローチは同じ。AD = C + I + G + (X-M)。,,
TERM0047,ECON,Aggregate Supply,,AS,総供給,そうきょうきゅう,経済全体で供給される財・サービスの総量。短期ASと長期ASの区別が重要。,短期AS（右上がり）と長期AS（垂直）。スタグフレーション。,短期と長期のAS曲線の形状の違い。長期は完全雇用GDPで垂直。,,
TERM0048,ECON,Opportunity Cost,Economic Cost,,機会費用,きかいひよう,ある選択をすることで放棄した次善の選択肢の価値。経済学的意思決定の基礎概念。,会計費用との違い。暗黙のコストを含む。,会計上の利益と経済的利益の違い。経済的利益は機会費用を差し引く。,,
TERM0049,ECON,Comparative Advantage,,,比較優位,ひかくゆうい,他国より低い機会費用で財を生産できる状態。国際貿易の理論的基盤。,絶対優位との違い。貿易利益の源泉。,比較優位と絶対優位の混同。比較優位は相対的な効率性。,,
TERM0050,ECON,Balance of Payments,,BOP,国際収支,こくさいしゅうし,一定期間における国と外国との間のすべての経済取引の記録。経常収支・資本収支・金融収支で構成。,経常収支の構成要素。双子の赤字。為替レートへの影響。,経常収支と貿易収支の混同。経常収支はサービス・所得・移転も含む。,,
TERM0051,FSA,Income Statement,Profit and Loss Statement;P&L,,損益計算書,そんえきけいさんしょ,一定期間の企業の収益・費用・利益を示す財務諸表。収益性の分析に使用。,Revenue - Expenses = Net Income。発生主義会計。,収益（Revenue）と利益（Profit/Income）の混同。収益は売上、利益は差額。,,
TERM0052,FSA,Balance Sheet,Statement of Financial Position,,貸借対照表,たいしゃくたいしょうひょう,特定時点における企業の資産・負債・株主資本を示す財務諸表。財政状態を表す。,Assets = Liabilities + Equity。流動性の順序。,貸借対照表は「時点」、損益計算書は「期間」の情報。,,
TERM0053,FSA,Cash Flow Statement,Statement of Cash Flows,,キャッシュフロー計算書,きゃっしゅふろーけいさんしょ,一定期間の現金の流入・流出を営業・投資・財務活動に分類して示す財務諸表。,直接法と間接法。FCF（フリーキャッシュフロー）の計算。,営業CFと純利益の違い。非現金項目の調整が必要。,,
TERM0054,FSA,Revenue,Sales;Turnover,,収益,しゅうえき,企業の主たる事業活動から生じる経済的便益の流入。売上高とも呼ばれる。,収益認識の5ステップモデル（IFRS 15）。,収益と現金収入の違い。発生主義では現金受領前に収益認識可能。,,
TERM0055,FSA,Gross Profit,Gross Margin,,売上総利益,うりあげそうりえき,売上高から売上原価を差し引いた利益。製品・サービスの基本的な収益性を示す。,Gross Profit = Revenue - COGS。粗利率の計算。,売上総利益と営業利益の混同。営業利益はさらに販管費を差し引く。,Gross Profit = Revenue - COGS,
TERM0056,FSA,Operating Income,Operating Profit;EBIT,,営業利益,えいぎょうりえき,売上総利益から販売費・一般管理費を差し引いた利益。本業の収益性を示す。,EBIT（利息・税前利益）との関係。営業利益率。,EBITとOperating Incomeは通常同義だが、非営業項目の扱いに注意。,,
TERM0057,FSA,Net Income,Net Profit;Bottom Line,,純利益,じゅんりえき,すべての収益から費用・税金を差し引いた最終利益。株主に帰属する利益。,EPS計算の分子。包括利益との違い。,純利益と包括利益の違い。包括利益はOCI（その他包括利益）を含む。,,
TERM0058,FSA,Earnings Per Share,,EPS,一株当たり利益,ひとかぶあたりりえき,純利益を発行済株式数で割った指標。株式の収益性を測定し、株価評価の基礎。,Basic EPSとDiluted EPS。希薄化の影響。,Basic EPSとDiluted EPSの違い。潜在株式の影響を考慮。,EPS = Net Income / Shares Outstanding,
TERM0059,FSA,EBITDA,,,EBITDA,いーびっとだー,利息・税金・減価償却・償却前利益。営業キャッシュフローの代理指標として使用。,Operating Income + D&A。企業価値評価での使用。,EBITDAは運転資本変動・設備投資を考慮しない。FCFとは異なる。,EBITDA = EBIT + Depreciation + Amortization,
TERM0060,FSA,Depreciation,,,減価償却,げんかしょうきゃく,有形固定資産の取得原価を耐用年数にわたり費用配分する会計処理。非現金費用。,定額法・定率法・生産高比例法。税務上の影響。,減価償却は現金支出を伴わない。CFでは加算調整。,,
TERM0061,FSA,Amortization,,,償却,しょうきゃく,無形資産の取得原価を耐用年数にわたり費用配分する会計処理。のれんは償却しない（IFRS）。,IFRSとUS GAAPの違い（のれんの処理）。減損テスト。,AmortizationとDepreciationの対象の違い。無形 vs 有形。,,
TERM0062,FSA,Working Capital,Net Working Capital,,運転資本,うんてんしほん,流動資産から流動負債を差し引いた金額。短期的な支払能力と流動性を示す。,WC = Current Assets - Current Liabilities。運転資本管理。,運転資本の増加はCFOを減少させる。在庫・売掛金の増加に注意。,Working Capital = CA - CL,
TERM0063,FSA,Current Ratio,,,流動比率,りゅうどうひりつ,流動資産を流動負債で割った比率。短期支払能力の指標。一般に1.0以上が望ましい。,Quick Ratioとの比較。業種による適正水準の違い。,流動比率が高すぎると資産の非効率な運用を示唆。,Current Ratio = CA / CL,
TERM0064,FSA,Quick Ratio,Acid-Test Ratio,,当座比率,とうざひりつ,流動資産から棚卸資産を除いた資産を流動負債で割った比率。より厳格な流動性指標。,棚卸資産は換金に時間がかかるため除外。,Current RatioとQuick Ratioの違い。在庫の流動性を考慮。,Quick Ratio = (CA - Inventory) / CL,
TERM0065,FSA,Debt-to-Equity Ratio,D/E Ratio,D/E,負債資本比率,ふさいしほんひりつ,総負債を株主資本で割った比率。財務レバレッジと資本構成を示す。,レバレッジの指標。業種による適正水準。,D/EとDebt-to-Assetsの違い。分母が異なる。,D/E = Total Debt / Total Equity,
TERM0066,FSA,Return on Equity,,ROE,株主資本利益率,かぶぬししほんりえきりつ,純利益を株主資本で割った比率。株主の投資に対する収益性を測定。,DuPont分析（3要素・5要素）。ROAとの比較。,ROEが高くてもレバレッジによる場合がある。DuPont分析で要因分解。,ROE = Net Income / Equity,
TERM0067,FSA,Return on Assets,,ROA,総資産利益率,そうしさんりえきりつ,純利益を総資産で割った比率。資産の効率的な活用度を測定。,ROE = ROA × Financial Leverage。業種比較。,ROEとROAの違い。ROEはレバレッジ効果を含む。,ROA = Net Income / Total Assets,
TERM0068,FSA,DuPont Analysis,DuPont Model,,デュポン分析,でゅぽんぶんせき,ROEを収益性・効率性・レバレッジの3要素に分解する分析手法。,ROE = Profit Margin × Asset Turnover × Financial Leverage。,3要素分解と5要素分解の違い。5要素は税負担と金利負担を分離。,ROE = (NI/Sales) × (Sales/Assets) × (Assets/Equity),
TERM0069,FSA,Inventory Turnover,,,棚卸資産回転率,たなおろししさんかいてんりつ,売上原価を平均棚卸資産で割った比率。在庫管理の効率性を測定。,Days of Inventory on Hand (DOH)との関係。,売上高ではなく売上原価を使用。回転率と日数の換算。,Inventory Turnover = COGS / Average Inventory,
TERM0070,FSA,Accounts Receivable Turnover,,,売掛金回転率,うりかけきんかいてんりつ,売上高を平均売掛金で割った比率。売掛金の回収効率を測定。,Days of Sales Outstanding (DSO)との関係。,回転率が低いと回収に問題がある可能性。与信管理の指標。,AR Turnover = Revenue / Average AR,
TERM0071,FSA,Free Cash Flow,FCF,FCF,フリーキャッシュフロー,ふりーきゃっしゅふろー,営業活動から生じるキャッシュフローから設備投資を差し引いた金額。株主・債権者に分配可能な現金。,FCFF（企業全体）とFCFE（株主）の区別。企業価値評価での使用。,FCFFとFCFEの計算式の違い。FCFEは負債関連CFを調整。,FCFF = CFO - CapEx,
TERM0072,FSA,Accrual Accounting,Accrual Basis,,発生主義会計,はっせいしゅぎかいけい,現金の収支に関わらず、経済的事象の発生時点で収益・費用を認識する会計方式。,現金主義との違い。収益認識と費用対応の原則。,発生主義と現金主義の違い。発生主義では売掛金・買掛金が生じる。,,
TERM0073,FSA,Deferred Tax Asset,,DTA,繰延税金資産,くりのべぜいきんしさん,将来の税金を減少させる一時差異から生じる資産。将来減算一時差異により発生。,一時差異と永久差異の区別。評価性引当金。,DTAとDTLの発生原因の違い。将来の課税所得の見込みが重要。,,
TERM0074,FSA,Deferred Tax Liability,,DTL,繰延税金負債,くりのべぜいきんふさい,将来の税金を増加させる一時差異から生じる負債。将来加算一時差異により発生。,加速償却による発生例。税効果会計の理解。,DTLは将来の税金支払義務。課税所得と会計上の利益の差異。,,
TERM0075,FSA,Goodwill,,,のれん,のれん,企業買収において支払対価が被取得企業の純資産の公正価値を超える部分。,IFRSでは償却せず減損テスト。US GAAPとの違い。,のれんは償却しない（IFRS）。減損テストで価値を評価。,,
TERM0076,FSA,Impairment,Asset Impairment,,減損,げんそん,資産の帳簿価額が回収可能価額を超える場合に認識される損失。のれん・固定資産に適用。,減損テストの手順。IFRSとUS GAAPの違い。,減損損失は一度認識すると戻入れ不可（US GAAP）。IFRSは戻入れ可能。,,
TERM0077,FSA,Operating Lease,,,オペレーティングリース,おぺれーてぃんぐりーす,リース資産の所有に伴うリスクと経済的便益の大部分が移転しないリース。IFRS 16で会計処理が変更。,IFRS 16では使用権資産とリース負債を認識。旧基準との違い。,IFRS 16以降、ほぼすべてのリースがオンバランス化。旧基準との比較。,,
TERM0078,FSA,Finance Lease,Capital Lease,,ファイナンスリース,ふぁいなんすりーす,リース資産の所有に伴うリスクと経済的便益の大部分が移転するリース。資産・負債を認識。,所有権移転・割安購入オプション等の判定基準。,ファイナンスリースとオペレーティングリースの判定基準。5つの条件。,,
TERM0079,FSA,IFRS,International Financial Reporting Standards,IFRS,国際財務報告基準,こくさいざいむほうこくきじゅん,国際会計基準審議会（IASB）が策定する会計基準。原則主義に基づく。,US GAAPとの主要な違い。LIFO禁止・減損戻入れ可能等。,IFRSとUS GAAPの違いが頻出。在庫評価・減損・リース等。,,
TERM0080,FSA,US GAAP,Generally Accepted Accounting Principles,GAAP,米国会計基準,べいこくかいけいきじゅん,米国財務会計基準審議会（FASB）が策定する会計基準。規則主義に基づく。,IFRSとの主要な違い。LIFO許容・減損戻入れ不可等。,US GAAPはLIFO許容、IFRSは禁止。試験で頻出の違い。,,
TERM0081,CI,Corporate Governance,,,コーポレートガバナンス,こーぽれーとがばなんす,企業の経営を監督・統制する仕組み。株主・取締役会・経営陣の関係を規定。,取締役会の構成・独立性。ステークホルダー理論。,株主利益最大化とステークホルダー理論の違い。ESGとの関連。,,
TERM0082,CI,Agency Problem,Principal-Agent Problem,,エージェンシー問題,えーじぇんしーもんだい,経営者（代理人）と株主（本人）の利害が一致しないことから生じる問題。,情報の非対称性。モニタリングコスト・ボンディングコスト。,エージェンシー問題の解決策（報酬設計・監視・敵対的買収の脅威）。,,
TERM0083,CI,Stakeholder,,,ステークホルダー,すてーくほるだー,企業活動に利害関係を持つすべての関係者。株主・従業員・顧客・債権者・地域社会等。,株主（Shareholder）との違い。ESG投資との関連。,Stakeholder（利害関係者）とShareholder（株主）の混同。,,
TERM0084,CI,Capital Budgeting,,,資本予算,しほんよさん,長期投資プロジェクトの評価・選択プロセス。NPV・IRR・回収期間等の手法を使用。,NPV法が最も理論的に優れる。相互排他的プロジェクトの評価。,NPVとIRRの矛盾時はNPV優先。規模・タイミングの違い。,,
TERM0085,CI,Weighted Average Cost of Capital,,WACC,加重平均資本コスト,かじゅうへいきんしほんこすと,企業の資金調達コストの加重平均。負債コストと株主資本コストを資本構成で加重。,税引後負債コストを使用。最適資本構成との関係。,WACCは税引後負債コストを使用。税の節税効果を反映。,WACC = (E/V)×Re + (D/V)×Rd×(1-T),
TERM0086,CI,Cost of Equity,,,株主資本コスト,かぶぬししほんこすと,株主が企業に期待する収益率。CAPMやDDMで推定。,CAPM: Re = Rf + β(Rm - Rf)。DDMアプローチ。,CAPMとDDMで推定値が異なる場合がある。前提条件の確認。,Re = Rf + β × (Rm - Rf),
TERM0087,CI,Cost of Debt,,,負債コスト,ふさいこすと,企業が負債で資金調達する際のコスト。税引後ベースで計算。,YTM（満期利回り）で推定。税の節税効果。,税引前と税引後の負債コストの違い。WACCでは税引後を使用。,税引後Rd = Rd × (1 - T),
TERM0088,CI,Capital Structure,,,資本構成,しほんこうせい,企業の資金調達における負債と株主資本の組み合わせ。レバレッジの程度を示す。,MM理論。最適資本構成。トレードオフ理論。,MM理論の前提条件（税なし・倒産コストなし等）と現実の違い。,,
TERM0089,CI,Modigliani-Miller Theorem,MM Theorem,MM,モジリアーニ・ミラー理論,もじりあーに・みらーりろん,完全市場では資本構成は企業価値に影響しないという理論。税を考慮すると負債の節税効果が生じる。,MM Proposition I（価値無関連）とII（株主資本コスト）。,MM理論の前提と現実の違い。税・倒産コスト・エージェンシーコスト。,,
TERM0090,CI,Financial Leverage,Gearing,,財務レバレッジ,ざいむればれっじ,負債を使用して株主資本利益率を高める効果。ROEを増幅するがリスクも増加。,DFL（財務レバレッジの程度）。ROEへの影響。,レバレッジは好況時にROEを高めるが、不況時は悪化させる。,DFL = EBIT / (EBIT - Interest),
TERM0091,CI,Operating Leverage,,,営業レバレッジ,えいぎょうればれっじ,固定費の存在により売上変動がEBITに増幅して影響する効果。,DOL（営業レバレッジの程度）。損益分岐点分析。,営業レバレッジと財務レバレッジの違い。固定費 vs 金利。,DOL = (Sales - VC) / (Sales - VC - FC),
TERM0092,CI,Breakeven Point,,,損益分岐点,そんえきぶんきてん,総収益と総費用が等しくなる売上高または販売数量。利益がゼロになる点。,BEP = Fixed Costs / (Price - Variable Cost per unit)。,損益分岐点分析の前提（線形費用・単一製品等）。,BEP = FC / (P - VC),
TERM0093,CI,Dividend Policy,,,配当政策,はいとうせいさく,企業が利益をどの程度配当として株主に還元するかの方針。,配当無関連理論（MM）。シグナリング効果。配当の安定性。,配当政策と株価の関係。MM理論と現実の違い。,,
TERM0094,CI,Share Repurchase,Stock Buyback,,自社株買い,じしゃかぶかい,企業が自社の株式を市場から買い戻すこと。配当の代替手段として使用。,EPSへの影響。税務上の利点。シグナリング効果。,自社株買いと配当の違い。株主への還元方法の選択。,,
TERM0095,CI,Working Capital Management,,,運転資本管理,うんてんしほんかんり,流動資産と流動負債の効率的な管理。流動性と収益性のバランス。,キャッシュコンバージョンサイクル。在庫・売掛金・買掛金管理。,運転資本の増加はCFOを減少させる。効率性と流動性のトレードオフ。,,
TERM0096,CI,Cash Conversion Cycle,,CCC,キャッシュコンバージョンサイクル,きゃっしゅこんばーじょんさいくる,原材料購入から売上代金回収までの日数。短いほど効率的。,CCC = DOH + DSO - DPO。運転資本管理の指標。,CCCの構成要素（DOH・DSO・DPO）の計算と解釈。,CCC = DOH + DSO - DPO,
TERM0097,CI,Net Present Value Rule,NPV Rule,,NPVルール,えぬぴーぶいるーる,NPVが正のプロジェクトを採用し、負のプロジェクトを棄却する投資決定ルール。,NPV > 0 は価値創造を意味する。IRRルールとの比較。,NPVルールとIRRルールの矛盾。相互排他的プロジェクトでの選択。,,
TERM0098,CI,Payback Period,,,回収期間,かいしゅうきかん,投資額を回収するまでに要する期間。単純だが貨幣の時間価値を無視。,割引回収期間との違い。意思決定基準としての限界。,回収期間法は時間価値を無視。回収後のCFも考慮しない。,,
TERM0099,CI,Profitability Index,,PI,収益性指数,しゅうえきせいしすう,投資の現在価値を初期投資額で割った比率。1より大きければ採用。,PI = PV of Future CFs / Initial Investment。資本制約下での使用。,PIとNPVの関係。PI > 1 ⟺ NPV > 0。,PI = PV / Initial Investment,
TERM0100,CI,Hurdle Rate,Minimum Acceptable Return,,ハードルレート,はーどるれーと,投資プロジェクトが採用されるために超えるべき最低限の収益率。通常WACCを使用。,IRRとの比較。リスク調整の必要性。,ハードルレートとWACCの関係。プロジェクト固有リスクの調整。,,
TERM0101,EQ,Equity,Shareholders Equity;Stock,,株式,かぶしき,企業の所有権を表す証券。普通株と優先株がある。残余請求権と議決権を持つ。,普通株と優先株の違い。株主の権利（配当・議決・残余財産）。,Equity（株式/株主資本）の文脈による意味の違い。証券 vs 会計上の資本。,,
TERM0102,EQ,Common Stock,Ordinary Shares,,普通株,ふつうかぶ,企業の基本的な所有権を表す株式。議決権と残余請求権を持ち、配当は保証されない。,優先株との違い。希薄化の影響。,普通株と優先株の権利の違い。配当・議決権・清算時の優先順位。,,
TERM0103,EQ,Preferred Stock,Preference Shares,,優先株,ゆうせんかぶ,普通株より配当・清算時に優先権を持つ株式。通常は議決権がない。債券と株式の中間的性質。,累積型・参加型・転換型の区別。評価方法（永久年金モデル）。,優先株は株式だが、評価は債券に近い。配当利回りで評価。,,
TERM0104,EQ,Market Capitalization,Market Cap,,時価総額,じかそうがく,株価に発行済株式数を乗じた企業の市場価値。企業規模の指標。,Large Cap・Mid Cap・Small Capの分類。,時価総額と企業価値（EV）の違い。EVは負債も含む。,Market Cap = Price × Shares Outstanding,
TERM0105,EQ,Enterprise Value,,EV,企業価値,きぎょうかち,株式時価総額に純負債を加えた企業全体の価値。買収価格の指標。,EV = Market Cap + Debt - Cash。EV/EBITDA倍率。,EVとEquity Valueの違い。EVは負債保有者も含む全体価値。,EV = Market Cap + Debt - Cash,
TERM0106,EQ,Price-to-Earnings Ratio,P/E Ratio,P/E;PER,株価収益率,かぶかしゅうえきりつ,株価を一株当たり利益（EPS）で割った比率。株式の相対的な割高・割安を判断。,Trailing P/EとForward P/E。業種・成長率による違い。,P/Eが高い＝割高とは限らない。成長期待を反映。,P/E = Price / EPS,
TERM0107,EQ,Price-to-Book Ratio,P/B Ratio,P/B;PBR,株価純資産倍率,かぶかじゅんしさんばいりつ,株価を一株当たり純資産（BPS）で割った比率。資産価値に対する市場評価。,P/B < 1 は資産価値割れ。ROEとの関係。,P/Bが低い＝割安とは限らない。資産の質・収益性を確認。,P/B = Price / Book Value per Share,
TERM0108,EQ,Dividend Discount Model,DDM,DDM,配当割引モデル,はいとうわりびきもでる,将来の配当を現在価値に割り引いて株式価値を算出するモデル。,Gordon Growth Model: P = D1 / (r - g)。多段階DDM。,DDMは配当を支払う企業にのみ適用可能。成長率gの推定が重要。,P = D1 / (r - g),
TERM0109,EQ,Gordon Growth Model,Constant Growth DDM,,ゴードン成長モデル,ごーどんせいちょうもでる,配当が一定率で永続的に成長すると仮定した配当割引モデル。,P = D1 / (r - g)。g < r の条件。,成長率gが要求収益率rを超えるとモデルは適用不可。,,
TERM0110,EQ,Free Cash Flow to Equity,FCFE,FCFE,株主帰属フリーキャッシュフロー,かぶぬしきぞくふりーきゃっしゅふろー,営業CFから設備投資と純負債返済を差し引いた株主に分配可能なCF。,FCFE = CFO - CapEx - Net Debt Repayment。株式評価での使用。,FCFEとFCFFの違い。FCFEは株主のみ、FCFFは全資本提供者。,FCFE = CFO - CapEx + Net Borrowing,
TERM0111,EQ,Free Cash Flow to Firm,FCFF,FCFF,企業帰属フリーキャッシュフロー,きぎょうきぞくふりーきゃっしゅふろー,株主と債権者の両方に分配可能なキャッシュフロー。企業価値評価に使用。,FCFF = EBIT(1-T) + D&A - CapEx - ΔWC。WACCで割引。,FCFFとFCFEの計算式の違い。金利の扱いに注意。,FCFF = EBIT(1-T) + D&A - CapEx - ΔWC,
TERM0112,EQ,Intrinsic Value,Fair Value,,本質的価値,ほんしつてきかち,企業のファンダメンタルズに基づく理論的な株式価値。市場価格との比較で投資判断。,DCF法・相対評価法で算出。市場価格との乖離。,Intrinsic ValueとMarket Priceの違い。市場の非効率性。,,
TERM0113,EQ,Market Efficiency,Efficient Market Hypothesis,EMH,市場効率性,しじょうこうりつせい,株価が利用可能な情報をすべて反映しているという仮説。3つの形態がある。,Weak・Semi-strong・Strong Form。各形態での情報反映。,3つの効率性の違い。テクニカル分析・ファンダメンタル分析の有効性。,,
TERM0114,EQ,Weak Form Efficiency,,,弱度の効率性,じゃくどのこうりつせい,株価が過去の価格・出来高情報をすべて反映している状態。テクニカル分析は無効。,過去の価格パターンから超過収益は得られない。,弱度効率性ではファンダメンタル分析は有効な可能性がある。,,
TERM0115,EQ,Semi-Strong Form Efficiency,,,準強度の効率性,じゅんきょうどのこうりつせい,株価が公開情報をすべて反映している状態。ファンダメンタル分析も無効。,公開情報に基づく超過収益は得られない。イベントスタディ。,準強度効率性ではインサイダー情報のみが有効。,,
TERM0116,EQ,Strong Form Efficiency,,,強度の効率性,きょうどのこうりつせい,株価がすべての情報（公開・非公開）を反映している状態。いかなる分析も無効。,インサイダー情報でも超過収益は得られない。現実には成立しにくい。,強度効率性は理論上の概念。インサイダー取引規制の存在が反証。,,
TERM0117,EQ,Industry Analysis,Sector Analysis,,業種分析,ぎょうしゅぶんせき,投資対象業種の競争環境・成長性・収益性を分析する手法。,ポーターの5つの力。業種ライフサイクル。,業種分析と企業分析の順序。トップダウンアプローチ。,,
TERM0118,EQ,Porter's Five Forces,,,ポーターの5つの力,ぽーたーのいつつのちから,業界の競争環境を分析するフレームワーク。収益性に影響する5つの競争要因。,新規参入・代替品・買い手・売り手の交渉力・既存競争。,5つの力が強いほど業界の収益性は低下。参入障壁の重要性。,,
TERM0119,EQ,Equity Risk Premium,,ERP,株式リスクプレミアム,かぶしきりすくぷれみあむ,株式投資がリスクフリー資産を上回る期待超過収益率。CAPMの重要な入力値。,歴史的ERP vs 期待ERP。推定方法の違い。,ERPの推定値は手法により大きく異なる。前提条件の確認。,,
TERM0120,EQ,Dividend Yield,,,配当利回り,はいとうりまわり,年間配当を株価で割った比率。インカム投資家にとって重要な指標。,Dividend Yield = DPS / Price。高配当株の特性。,配当利回りが高い＝良い投資とは限らない。株価下落の可能性。,Dividend Yield = DPS / Price,
TERM0121,FI,Bond,Fixed Income Security,,債券,さいけん,発行体が投資家に対して元本返済と利息支払いを約束する債務証券。,額面・クーポン・満期の3要素。信用リスク・金利リスク。,BondとLoanの違い。債券は流通市場で取引可能。,,
TERM0122,FI,Coupon Rate,Nominal Rate,,クーポンレート,くーぽんれーと,債券の額面に対する年間利息支払いの割合。発行時に固定される。,Coupon = Face Value × Coupon Rate。YTMとの違い。,Coupon RateとYTMの違い。Couponは固定、YTMは市場で変動。,,
TERM0123,FI,Face Value,Par Value;Principal,,額面,がくめん,債券の満期時に返済される元本金額。通常1000ドルまたは100ドル。,クーポン計算の基準。パー・プレミアム・ディスカウント。,Face ValueとMarket Priceの違い。市場価格は変動する。,,
TERM0124,FI,Yield to Maturity,,YTM,満期利回り,まんきりまわり,債券を満期まで保有した場合の年率換算収益率。債券価格と等価のIRR。,債券価格とYTMは逆相関。再投資リスクの仮定。,YTMは再投資率をYTM自身と仮定。実際の収益率と異なる可能性。,,
TERM0125,FI,Current Yield,,,直接利回り,ちょくせつりまわり,年間クーポンを現在の市場価格で割った利回り。YTMの近似値。,Current Yield = Annual Coupon / Price。YTMとの違い。,Current YieldはYTMの近似。資本損益を考慮しない。,Current Yield = Coupon / Price,
TERM0126,FI,Duration,Macaulay Duration,,デュレーション,でゅれーしょん,債券のキャッシュフローの加重平均回収期間。金利感応度の指標。,Modified Duration = Macaulay Duration / (1 + y)。価格変化の推定。,DurationとMaturityの違い。Durationはリスク指標、Maturityは期間。,,
TERM0127,FI,Modified Duration,,MD,修正デュレーション,しゅうせいでゅれーしょん,金利変化1%に対する債券価格の変化率。金利リスク管理の基本指標。,ΔP/P ≈ -MD × Δy。凸性との組み合わせ。,Modified Durationは線形近似。大きな金利変化には凸性が必要。,ΔP/P ≈ -MD × Δy,
TERM0128,FI,Convexity,,,コンベクシティ,こんべくしてぃ,債券価格と利回りの関係の曲率。デュレーションによる近似誤差を補正。,正のコンベクシティは投資家に有利。価格変化の精緻な推定。,Convexityは二次項。大きな金利変化での価格推定に必要。,ΔP/P ≈ -MD × Δy + 0.5 × Convexity × (Δy)²,
TERM0129,FI,Credit Risk,Default Risk,,信用リスク,しんようりすく,債券発行体が利息・元本の支払いを履行できないリスク。,信用格付け。スプレッド。デフォルト確率と回収率。,Credit RiskとInterest Rate Riskの違い。発行体 vs 市場金利。,,
TERM0130,FI,Credit Spread,Yield Spread,,信用スプレッド,しんようすぷれっど,社債利回りと同満期国債利回りの差。信用リスクの対価。,スプレッドの決定要因。景気循環との関係。,Credit SpreadとOption-Adjusted Spread（OAS）の違い。,,
TERM0131,FI,Interest Rate Risk,,,金利リスク,きんりりすく,市場金利の変動により債券価格が変動するリスク。デュレーションで測定。,金利上昇→債券価格下落。長期債ほどリスク大。,Interest Rate RiskとReinvestment Riskのトレードオフ。,,
TERM0132,FI,Reinvestment Risk,,,再投資リスク,さいとうしりすく,クーポンを当初想定した利回りで再投資できないリスク。金利低下時に顕在化。,ゼロクーポン債は再投資リスクなし。金利リスクとのトレードオフ。,Reinvestment RiskとInterest Rate Riskは逆方向。,,
TERM0133,FI,Yield Curve,Term Structure,,イールドカーブ,いーるどかーぶ,満期と利回りの関係を示す曲線。金利の期間構造を表す。,正常・逆イールド・フラット。期待理論・流動性プレミアム理論。,イールドカーブの形状と景気予測。逆イールドは景気後退の先行指標。,,
TERM0134,FI,Spot Rate,Zero Rate,,スポットレート,すぽっとれーと,特定の満期までの割引率。ゼロクーポン債の利回りに相当。,フォワードレートとの関係。ブートストラップ法。,Spot RateとYTMの違い。Spot Rateは各期間固有の割引率。,,
TERM0135,FI,Forward Rate,,,フォワードレート,ふぉわーどれーと,将来の特定期間に適用される予想金利。スポットレートから計算。,スポットレートとの関係式。金利予想の指標。,Forward RateとSpot Rateの違い。Forwardは将来期間の金利。,(1+S2)² = (1+S1)*(1+f1;2),
TERM0136,FI,Zero-Coupon Bond,Discount Bond,,ゼロクーポン債,ぜろくーぽんさい,クーポンを支払わず、額面より低い価格で発行される債券。満期に額面を受け取る。,再投資リスクなし。金利リスクは高い。税務上の扱い。,ゼロクーポン債のDurationは満期と等しい。再投資リスクゼロ。,,
TERM0137,FI,Callable Bond,,,コーラブル債,こーらぶるさい,発行体が満期前に額面で償還できるオプション付き債券。金利低下時に行使。,コールリスク。OAS（オプション調整スプレッド）。,Callable BondはPutable Bondと逆。発行体有利 vs 投資家有利。,,
TERM0138,FI,Putable Bond,,,プッタブル債,ぷったぶるさい,投資家が満期前に額面で売却できるオプション付き債券。金利上昇時に行使。,プットオプションの価値。通常の債券より高価格。,Putable BondはCallable Bondと逆のオプション。投資家有利。,,
TERM0139,FI,Floating Rate Note,Floater,FRN,変動利付債,へんどうりつきさい,クーポンが基準金利に連動して変動する債券。金利リスクが低い。,LIBOR/SOFR + スプレッド。価格はパー付近で推移。,FRNの金利リスクは低いが、信用リスクは存在する。,,
TERM0140,FI,Investment Grade,,,投資適格,とうしてきかく,信用格付けがBBB-/Baa3以上の債券。機関投資家が投資可能な水準。,格付け機関（S&P・Moody's・Fitch）。格下げリスク。,Investment GradeとHigh Yield（ジャンク）の境界。BBB-/Baa3。,,
TERM0141,FI,High Yield Bond,Junk Bond;Speculative Grade,,ハイイールド債,はいいーるどさい,信用格付けがBB+/Ba1以下の債券。高い利回りと高い信用リスクを持つ。,スプレッドの変動。景気循環との相関。デフォルト率。,High YieldとInvestment Gradeの境界。格付け変更の影響。,,
TERM0142,FI,Sovereign Bond,Government Bond,,ソブリン債,そぶりんさい,国家が発行する債券。自国通貨建ては信用リスクが低いとされる。,米国債・日本国債。外貨建てソブリン債のリスク。,ソブリン債でもデフォルトリスクは存在（外貨建て・新興国）。,,
TERM0143,FI,Municipal Bond,Muni Bond,,地方債,ちほうさい,地方自治体が発行する債券。米国では連邦税が免除される場合がある。,一般財源債と収益債。税引後利回りの比較。,地方債の税制優遇。税引後利回りで課税債券と比較。,,
TERM0144,FI,Mortgage-Backed Security,,MBS,住宅ローン担保証券,じゅうたくろーんたんぽしょうけん,住宅ローンのプールを裏付けとする証券。期限前償還リスクがある。,パススルー証券。CMO。期限前償還リスク。,MBSの期限前償還リスク。金利低下時に借り換えが増加。,,
TERM0145,FI,Asset-Backed Security,,ABS,資産担保証券,しさんたんぽしょうけん,自動車ローン・クレジットカード債権等を裏付けとする証券。,証券化の仕組み。トランシェ構造。信用補完。,ABSとMBSの違い。裏付け資産の種類が異なる。,,
TERM0146,DER,Derivative,,,デリバティブ,でりばてぃぶ,原資産の価値に基づいて価格が決まる金融商品。先物・オプション・スワップ等。,ヘッジ・投機・裁定の3つの用途。レバレッジ効果。,デリバティブの価値は原資産から「派生」する。ゼロサムゲーム。,,
TERM0147,DER,Forward Contract,Forward,,先渡契約,さきわたしけいやく,将来の特定日に特定価格で原資産を売買する相対契約。カスタマイズ可能。,先物との違い（取引所 vs OTC）。カウンターパーティリスク。,ForwardとFuturesの違い。標準化・決済方法・信用リスク。,,
TERM0148,DER,Futures Contract,Futures,,先物契約,さきものけいやく,将来の特定日に特定価格で原資産を売買する取引所取引契約。標準化されている。,日次決済（マーキング・トゥ・マーケット）。証拠金制度。,Futuresは日次決済。Forwardは満期時一括決済。,,
TERM0149,DER,Option,,,オプション,おぷしょん,原資産を特定価格で売買する権利（義務ではない）を与える契約。,コール（買う権利）とプット（売る権利）。プレミアム。,オプションの買い手は権利を持ち、売り手は義務を負う。,,
TERM0150,DER,Call Option,,,コールオプション,こーるおぷしょん,原資産を行使価格で買う権利。原資産価格上昇で価値が増加。,Payoff = Max(0; S - X)。損益図の理解。,Call OptionとPut Optionの違い。買う権利 vs 売る権利。,Payoff = Max(0; S - X),
TERM0151,DER,Put Option,,,プットオプション,ぷっとおぷしょん,原資産を行使価格で売る権利。原資産価格下落で価値が増加。,Payoff = Max(0; X - S)。ヘッジでの使用。,Put Optionは下落リスクのヘッジに使用。保険的機能。,Payoff = Max(0; X - S),
TERM0152,DER,Strike Price,Exercise Price,,行使価格,こうしかかく,オプション契約で定められた原資産の売買価格。,ATM・ITM・OTMの判定基準。本質的価値との関係。,Strike PriceとSpot Priceの関係でオプションの状態が決まる。,,
TERM0153,DER,Option Premium,,,オプションプレミアム,おぷしょんぷれみあむ,オプションの買い手が売り手に支払う対価。本質的価値と時間価値の合計。,Premium = Intrinsic Value + Time Value。価格決定要因。,プレミアムは本質的価値＋時間価値。満期に近づくと時間価値は減少。,,
TERM0154,DER,Intrinsic Value (Option),,,本質的価値（オプション）,ほんしつてきかち,オプションを今すぐ行使した場合の価値。ITMの場合のみ正の値。,Call: Max(0; S-X)、Put: Max(0; X-S)。,本質的価値と時間価値の区別。OTMオプションの本質的価値はゼロ。,,
TERM0155,DER,Time Value (Option),Extrinsic Value,,時間価値（オプション）,じかんかち,オプションプレミアムから本質的価値を差し引いた部分。満期までの不確実性の価値。,満期に近づくと減少（時間減価）。ボラティリティとの関係。,時間価値は満期でゼロになる。Time Decay（シータ）。,,
TERM0156,DER,In-the-Money,,ITM,イン・ザ・マネー,いん・ざ・まねー,オプションを行使すると利益が出る状態。本質的価値が正。,Call: S > X、Put: S < X。行使の判断。,ITM・ATM・OTMの区別。行使価格と原資産価格の関係。,,
TERM0157,DER,Out-of-the-Money,,OTM,アウト・オブ・ザ・マネー,あうと・おぶ・ざ・まねー,オプションを行使しても利益が出ない状態。本質的価値がゼロ。,Call: S < X、Put: S > X。時間価値のみ。,OTMオプションは行使されない。満期まで待つか売却。,,
TERM0158,DER,At-the-Money,,ATM,アット・ザ・マネー,あっと・ざ・まねー,原資産価格と行使価格がほぼ等しい状態。本質的価値はほぼゼロ。,時間価値が最大。デルタは約0.5（コール）。,ATMオプションは時間価値が最も大きい。,,
TERM0159,DER,Swap,,,スワップ,すわっぷ,2者間でキャッシュフローを交換する契約。金利スワップ・通貨スワップ等。,固定金利と変動金利の交換。想定元本。,スワップは元本の交換を伴わない（金利スワップ）。想定元本で計算。,,
TERM0160,DER,Interest Rate Swap,,IRS,金利スワップ,きんりすわっぷ,固定金利と変動金利のキャッシュフローを交換する契約。金利リスク管理に使用。,固定金利支払者と変動金利支払者。スワップレート。,金利スワップは元本交換なし。ネット決済。,,
TERM0161,DER,Currency Swap,,,通貨スワップ,つうかすわっぷ,異なる通貨建ての元本・利息を交換する契約。為替リスク管理に使用。,元本の交換を伴う。金利スワップとの違い。,通貨スワップは元本交換あり。金利スワップとの違い。,,
TERM0162,DER,Hedging,,,ヘッジ,へっじ,デリバティブを使用してリスクを軽減または相殺する取引。,ロングヘッジとショートヘッジ。ベーシスリスク。,ヘッジは完全ではない。ベーシスリスクが残る場合がある。,,
TERM0163,DER,Speculation,,,投機,とうき,価格変動から利益を得ることを目的としたデリバティブ取引。レバレッジを活用。,ヘッジとの違い。リスクテイク。,投機はリスクを取る。ヘッジはリスクを減らす。目的の違い。,,
TERM0164,DER,Arbitrage,,,裁定取引,さいていとりひき,同一資産の価格差を利用してリスクなしで利益を得る取引。市場効率性を高める。,一物一価の法則。裁定機会の消滅。,理論上、裁定取引はリスクフリー。実際には取引コスト・執行リスク。,,
TERM0165,DER,Put-Call Parity,,,プット・コール・パリティ,ぷっと・こーる・ぱりてぃ,同一条件のコールとプットの価格関係を示す式。裁定取引の基礎。,C + PV(X) = P + S。合成ポジションの構築。,Put-Call Parityはヨーロピアンオプションに適用。アメリカンは不等式。,C + PV(X) = P + S,
TERM0166,DER,European Option,,,ヨーロピアンオプション,よーろぴあんおぷしょん,満期日のみ行使可能なオプション。Put-Call Parityが成立。,アメリカンオプションとの違い。評価モデル。,ヨーロピアンとアメリカンの違い。行使タイミングの柔軟性。,,
TERM0167,DER,American Option,,,アメリカンオプション,あめりかんおぷしょん,満期日までいつでも行使可能なオプション。ヨーロピアンより価値が高い。,早期行使の判断。配当の影響。,アメリカンオプションは早期行使可能。配当株のコールで重要。,,
TERM0168,DER,Moneyness,,,マネーネス,まねーねす,オプションの行使価格と原資産価格の関係。ITM・ATM・OTMで表現。,オプション価格への影響。デルタとの関係。,Moneynessはオプションの状態を示す。価格決定の重要要素。,,
TERM0169,DER,Notional Principal,Notional Amount,,想定元本,そうていがんぽん,スワップやデリバティブの支払い計算に使用される名目上の元本金額。実際の交換はない。,金利スワップでの使用。レバレッジの計算。,想定元本は実際に交換されない。支払い計算の基準。,,
TERM0170,DER,Marking to Market,Daily Settlement,,値洗い,ねあらい,先物契約の日次決済。毎日の損益を証拠金口座で精算。,証拠金制度。追証（マージンコール）。,Marking to Marketは先物の特徴。先渡は満期時決済。,,
TERM0171,AI,Alternative Investment,,,オルタナティブ投資,おるたなてぃぶとうし,伝統的な株式・債券以外の投資対象。PE・不動産・ヘッジファンド・コモディティ等。,低流動性・高手数料・低透明性。分散効果。,オルタナティブ投資の特徴。伝統資産との相関が低い傾向。,,
TERM0172,AI,Private Equity,,PE,プライベートエクイティ,ぷらいべーといくいてぃ,非上場企業への投資。バイアウト・ベンチャーキャピタル・成長資本等を含む。,Jカーブ効果。IRRでの評価。流動性リスク。,PEのJカーブ。初期は手数料でマイナス、後半に収益実現。,,
TERM0173,AI,Venture Capital,,VC,ベンチャーキャピタル,べんちゃーきゃぴたる,スタートアップや初期段階の企業への投資。高リスク・高リターン。,ステージ（シード・アーリー・レイター）。出口戦略。,VCとバイアウトの違い。投資ステージと戦略が異なる。,,
TERM0174,AI,Leveraged Buyout,,LBO,レバレッジド・バイアウト,ればれっじど・ばいあうと,負債を活用して企業を買収する手法。買収後のCFで負債を返済。,負債比率が高い。ターゲット企業の特性。,LBOの成功要因。安定したCF・資産売却・業務改善。,,
TERM0175,AI,Hedge Fund,,,ヘッジファンド,へっじふぁんど,多様な投資戦略を用いる私募ファンド。絶対リターンを追求。,ロング/ショート・イベントドリブン・グローバルマクロ等。手数料構造。,ヘッジファンドの手数料。2 and 20（管理報酬2%・成功報酬20%）。,,
TERM0176,AI,Real Estate Investment,,,不動産投資,ふどうさんとうし,不動産への直接投資またはREIT等を通じた間接投資。インカムとキャピタルゲイン。,直接投資とREIT。NOI・Cap Rate。,直接投資とREITの違い。流動性・分散・管理負担。,,
TERM0177,AI,Real Estate Investment Trust,,REIT,不動産投資信託,ふどうさんとうししんたく,不動産に投資し、賃料収入を投資家に分配する上場投資信託。,配当の90%以上を分配。税制優遇。流動性。,REITは株式市場で取引可能。直接投資より流動性が高い。,,
TERM0178,AI,Commodity,,,コモディティ,こもでぃてぃ,原油・金・農産物等の実物資産。先物市場で取引されることが多い。,インフレヘッジ。ロールリターン。コンタンゴとバックワーデーション。,コモディティ投資の方法。先物・ETF・株式。直接保有は保管コスト。,,
TERM0179,AI,Contango,,,コンタンゴ,こんたんご,先物価格がスポット価格より高い状態。保管コストを反映。ロールリターンは負。,バックワーデーションとの違い。コモディティ投資への影響。,コンタンゴではロールオーバー時に損失。先物価格＞スポット価格。,,
TERM0180,AI,Backwardation,,,バックワーデーション,ばっくわーでーしょん,先物価格がスポット価格より低い状態。供給不足等で発生。ロールリターンは正。,コンタンゴとの違い。コンビニエンスイールド。,バックワーデーションではロールオーバー時に利益。先物価格＜スポット価格。,,
TERM0181,PM,Portfolio,,,ポートフォリオ,ぽーとふぉりお,複数の資産を組み合わせた投資の集合体。分散によりリスクを低減。,期待リターンとリスクの計算。効率的フロンティア。,ポートフォリオのリスクは個別リスクの単純合計より小さい。分散効果。,,
TERM0182,PM,Diversification,,,分散投資,ぶんさんとうし,複数の資産に投資することでリスクを低減する戦略。相関が低いほど効果大。,システマティックリスクは分散不可。相関係数の重要性。,分散投資で消去できるのは非システマティックリスクのみ。,,
TERM0183,PM,Systematic Risk,Market Risk;Non-diversifiable Risk,,システマティックリスク,しすてまてぃっくりすく,市場全体に影響するリスク。分散投資では消去できない。ベータで測定。,マーケットリスク。CAPMでの扱い。リスクプレミアム。,Systematic RiskとUnsystematic Riskの違い。分散可能性。,,
TERM0184,PM,Unsystematic Risk,Idiosyncratic Risk;Diversifiable Risk,,非システマティックリスク,ひしすてまてぃっくりすく,個別企業・業種固有のリスク。分散投資により消去可能。,企業固有リスク。十分な分散で消去。,Unsystematic Riskは分散で消去可能。報酬は得られない。,,
TERM0185,PM,Beta,Market Beta,β,ベータ,べーた,個別資産のリターンが市場リターンに対してどの程度変動するかを示す指標。,β = 1は市場と同じ変動。CAPMでの使用。,ベータはシステマティックリスクのみを測定。トータルリスクではない。,β = Cov(Ri;Rm) / Var(Rm),
TERM0186,PM,Capital Asset Pricing Model,,CAPM,資本資産価格モデル,しほんしさんかかくもでる,期待リターンをリスクフリーレートとベータで説明するモデル。,E(R) = Rf + β(Rm - Rf)。SMLとの関係。,CAPMの前提条件（効率的市場・同質的期待等）と現実の違い。,E(R) = Rf + β × (Rm - Rf),
TERM0187,PM,Security Market Line,,SML,証券市場線,しょうけんしじょうせん,ベータと期待リターンの関係を示す直線。CAPMを図示したもの。,SML上の点は適正価格。上方は割安、下方は割高。,SMLとCMLの違い。SMLはベータ、CMLは標準偏差を横軸。,,
TERM0188,PM,Capital Market Line,,CML,資本市場線,しほんしじょうせん,効率的ポートフォリオのリスク・リターン関係を示す直線。,リスクフリー資産と市場ポートフォリオの組み合わせ。,CMLは効率的ポートフォリオのみ。個別証券はCML上にない。,,
TERM0189,PM,Efficient Frontier,,,効率的フロンティア,こうりつてきふろんてぃあ,同じリスク水準で最大リターン、または同じリターンで最小リスクのポートフォリオの集合。,マーコウィッツの平均分散分析。最適ポートフォリオの選択。,効率的フロンティア上のポートフォリオが最適。下方は非効率。,,
TERM0190,PM,Sharpe Ratio,Reward-to-Variability Ratio,,シャープレシオ,しゃーぷれしお,超過リターンをトータルリスク（標準偏差）で割った指標。リスク調整後リターン。,Sharpe = (Rp - Rf) / σp。高いほど効率的。,シャープレシオはトータルリスクを使用。トレイナーレシオはベータ。,Sharpe = (Rp - Rf) / σp,
TERM0191,PM,Treynor Ratio,Reward-to-Volatility Ratio,,トレイナーレシオ,とれいなーれしお,超過リターンをベータで割った指標。システマティックリスク当たりのリターン。,Treynor = (Rp - Rf) / βp。分散されたポートフォリオに適切。,トレイナーレシオはベータを使用。分散が不十分ならシャープレシオ。,Treynor = (Rp - Rf) / βp,
TERM0192,PM,Jensen's Alpha,Alpha,α,ジェンセンのアルファ,じぇんせんのあるふぁ,CAPMが予測するリターンを超える超過リターン。運用能力の指標。,α = Rp - [Rf + β(Rm - Rf)]。正のαは優れた運用。,アルファはCAPMからの乖離。市場の非効率性または運用スキル。,α = Rp - [Rf + β(Rm - Rf)],
TERM0193,PM,Information Ratio,,IR,インフォメーションレシオ,いんふぉめーしょんれしお,アクティブリターンをトラッキングエラーで割った指標。アクティブ運用の効率性。,IR = Active Return / Tracking Error。高いほど効率的。,IRはアクティブ運用の評価指標。ベンチマーク対比のリスク調整リターン。,IR = (Rp - Rb) / TE,
TERM0194,PM,Tracking Error,Active Risk,,トラッキングエラー,とらっきんぐえらー,ポートフォリオリターンとベンチマークリターンの差の標準偏差。アクティブリスク。,パッシブ運用ではTEを最小化。アクティブ運用ではTEを許容。,トラッキングエラーはアクティブリスク。ベンチマークからの乖離度。,,
TERM0195,PM,Risk-Free Rate,,,リスクフリーレート,りすくふりーれーと,リスクのない投資の理論上の収益率。通常は短期国債利回りを使用。,CAPMの入力値。実質と名目の区別。,リスクフリーレートは理論上の概念。実際には信用リスクゼロの資産はない。,,
TERM0196,PM,Market Portfolio,,,市場ポートフォリオ,しじょうぽーとふぉりお,すべてのリスク資産を時価総額加重で含む理論上のポートフォリオ。,CAPMでの使用。実務では株価指数で代用。,市場ポートフォリオは理論上の概念。実務ではS&P500等で代用。,,
TERM0197,PM,Asset Allocation,,,資産配分,しさんはいぶん,ポートフォリオにおける各資産クラスへの投資比率の決定。,戦略的資産配分と戦術的資産配分。リターンの大部分を説明。,資産配分がリターンの90%以上を説明するという研究結果。,,
TERM0198,PM,Strategic Asset Allocation,,SAA,戦略的資産配分,せんりゃくてきしさんはいぶん,長期的な投資目標に基づく基本的な資産配分。定期的にリバランス。,IPSに基づく。長期的な視点。,SAA（長期）とTAA（短期）の違い。基本配分 vs 機動的調整。,,
TERM0199,PM,Tactical Asset Allocation,,TAA,戦術的資産配分,せんじゅつてきしさんはいぶん,短期的な市場見通しに基づきSAAから一時的に乖離する配分調整。,マーケットタイミング。アクティブな意思決定。,TAAは短期的な調整。SAA（基本配分）からの乖離を許容。,,
TERM0200,PM,Rebalancing,,,リバランス,りばらんす,ポートフォリオの資産配分を目標比率に戻す調整。定期的または閾値ベースで実施。,取引コストとの兼ね合い。カレンダーリバランス vs パーセンテージリバランス。,リバランスは「高く売り、安く買う」効果。逆張り戦略。,,
